-- phpMyAdmin SQL Dump
-- version 3.3.10.5
-- http://www.phpmyadmin.net
--
-- ホスト: mysql487.db.sakura.ne.jp
-- 生成時間: 2015 年 2 月 24 日 02:11
-- サーバのバージョン: 5.5.38
-- PHP のバージョン: 5.4.7

SET SQL_MODE="NO_AUTO_VALUE_ON_ZERO";


/*!40101 SET @OLD_CHARACTER_SET_CLIENT=@@CHARACTER_SET_CLIENT */;
/*!40101 SET @OLD_CHARACTER_SET_RESULTS=@@CHARACTER_SET_RESULTS */;
/*!40101 SET @OLD_COLLATION_CONNECTION=@@COLLATION_CONNECTION */;
/*!40101 SET NAMES utf8 */;

--
-- データベース: `kendo-n_kendo-n`
--

-- --------------------------------------------------------

--
-- テーブルの構造 `entry_field`
--

CREATE TABLE IF NOT EXISTS `entry_field` (
  `id` int(10) unsigned NOT NULL AUTO_INCREMENT,
  `series` int(10) unsigned NOT NULL DEFAULT '0',
  `info` int(10) unsigned NOT NULL,
  `field` varchar(32) NOT NULL,
  `data` text NOT NULL,
  PRIMARY KEY (`id`),
  KEY `info` (`info`),
  KEY `field` (`field`)
) ENGINE=MyISAM  DEFAULT CHARSET=utf8 AUTO_INCREMENT=752 ;

--
-- テーブルのデータをダンプしています `entry_field`
--

INSERT INTO `entry_field` (`id`, `series`, `info`, `field`, `data`) VALUES
(1, 0, 1, 'school_name', '札幌曙剣道道場'),
(2, 0, 1, 'school_address_zip1', '006'),
(3, 0, 1, 'school_address_zip2', '0806'),
(4, 0, 1, 'school_address_pref', '1'),
(5, 0, 1, 'school_address', '札幌市手稲区新発寒六条10-4-3'),
(6, 0, 2, 'school_name', '秋水館笠岡道場'),
(7, 0, 2, 'school_address_zip1', '010'),
(8, 0, 2, 'school_address_zip2', '0145'),
(9, 0, 2, 'school_address_pref', '0'),
(10, 0, 2, 'school_address', '秋田市下新城笠岡字笠岡156'),
(11, 0, 3, 'school_name', '梅本少年剣友会'),
(12, 0, 3, 'school_address_zip1', '124'),
(13, 0, 3, 'school_address_zip2', '0012'),
(14, 0, 3, 'school_address_pref', '13'),
(15, 0, 3, 'school_address', '葛飾区立石6-7-11-203'),
(16, 0, 4, 'school_name', '愛興館'),
(17, 0, 4, 'school_address_zip1', '188'),
(18, 0, 4, 'school_address_zip2', '0013'),
(19, 0, 4, 'school_address_pref', '0'),
(20, 0, 4, 'school_address', '西東京市向台町5-5-4３'),
(21, 0, 5, 'school_name', '昭島中央剣友会'),
(22, 0, 5, 'school_address_zip1', '196'),
(23, 0, 5, 'school_address_zip2', '0001'),
(24, 0, 5, 'school_address_pref', '13'),
(25, 0, 5, 'school_address', '昭島市美堀町2-25-26'),
(26, 0, 6, 'school_name', '萌木剣道教室'),
(27, 0, 6, 'school_address_zip1', '196'),
(28, 0, 6, 'school_address_zip2', '0001'),
(29, 0, 6, 'school_address_pref', '13'),
(30, 0, 6, 'school_address', '座間市相模が丘6-11-3'),
(31, 0, 7, 'school_name', '永山剣友会'),
(32, 0, 7, 'school_address_zip1', '206'),
(33, 0, 7, 'school_address_zip2', '0025'),
(34, 0, 7, 'school_address_pref', '13'),
(35, 0, 7, 'school_address', '多摩市永山5-30-17-4'),
(36, 0, 8, 'school_name', '西木道場'),
(37, 0, 8, 'school_address_zip1', '221'),
(38, 0, 8, 'school_address_zip2', '0865'),
(39, 0, 8, 'school_address_pref', '0'),
(40, 0, 8, 'school_address', '横浜市神奈川区片倉2-3-3'),
(41, 0, 9, 'school_name', '自彊館道場'),
(42, 0, 9, 'school_address_zip1', '224'),
(43, 0, 9, 'school_address_zip2', '0013'),
(44, 0, 9, 'school_address_pref', '14'),
(45, 0, 9, 'school_address', '横浜市都筑区すみれが丘14-51'),
(46, 0, 10, 'school_name', '養浩館道場'),
(47, 0, 10, 'school_address_zip1', '224'),
(48, 0, 10, 'school_address_zip2', '0013'),
(49, 0, 10, 'school_address_pref', '14'),
(50, 0, 10, 'school_address', '横浜市都筑区すみれが丘14-51'),
(51, 0, 11, 'school_name', '輝神館三山道場'),
(52, 0, 11, 'school_address_zip1', '226'),
(53, 0, 11, 'school_address_zip2', '0011'),
(54, 0, 11, 'school_address_pref', '14'),
(55, 0, 11, 'school_address', '横浜市緑区中山町190'),
(56, 0, 12, 'school_name', 'BSC剣志会'),
(57, 0, 12, 'school_address_zip1', '232'),
(58, 0, 12, 'school_address_zip2', '0017'),
(59, 0, 12, 'school_address_pref', '14'),
(60, 0, 12, 'school_address', '横浜市南区宿町2-36-2Ｆ'),
(61, 0, 13, 'school_name', '桜剣士会'),
(62, 0, 13, 'school_address_zip1', '232'),
(63, 0, 13, 'school_address_zip2', '0072'),
(64, 0, 13, 'school_address_pref', '14'),
(65, 0, 13, 'school_address', '横浜市南区永田東2-7-21'),
(66, 0, 14, 'school_name', '久里浜剣友会'),
(67, 0, 14, 'school_address_zip1', '237'),
(68, 0, 14, 'school_address_zip2', '0072'),
(69, 0, 14, 'school_address_pref', '14'),
(70, 0, 14, 'school_address', '横須賀市長浦町5-77-3'),
(71, 0, 15, 'school_name', '東深沢Ｓ・Ｃ剣道教室'),
(72, 0, 15, 'school_address_zip1', '252'),
(73, 0, 15, 'school_address_zip2', '0001'),
(74, 0, 15, 'school_address_pref', '14'),
(75, 0, 15, 'school_address', '座間市相模が丘6-11-3'),
(76, 0, 16, 'school_name', '光武館道場'),
(77, 0, 16, 'school_address_zip1', '252'),
(78, 0, 16, 'school_address_zip2', '0233'),
(79, 0, 16, 'school_address_pref', '14'),
(80, 0, 16, 'school_address', '相模原市中央区鹿沼台2-12-6'),
(81, 0, 17, 'school_name', '鬼高剣友会'),
(82, 0, 17, 'school_address_zip1', '272'),
(83, 0, 17, 'school_address_zip2', '0015'),
(84, 0, 17, 'school_address_pref', '12'),
(85, 0, 17, 'school_address', '市川市鬼高4-7-6-212'),
(86, 0, 18, 'school_name', '佐貫清心館'),
(87, 0, 18, 'school_address_zip1', '293'),
(88, 0, 18, 'school_address_zip2', '0057'),
(89, 0, 18, 'school_address_pref', '12'),
(90, 0, 18, 'school_address', '富津市亀田749'),
(91, 0, 19, 'school_name', 'つくば少年剣友会'),
(92, 0, 19, 'school_address_zip1', '300'),
(93, 0, 19, 'school_address_zip2', '4231'),
(94, 0, 19, 'school_address_pref', '8'),
(95, 0, 19, 'school_address', 'つくば市北条364'),
(96, 0, 20, 'school_name', '総和剣道クラブ'),
(97, 0, 20, 'school_address_zip1', '306'),
(98, 0, 20, 'school_address_zip2', '0235'),
(99, 0, 20, 'school_address_pref', '8'),
(100, 0, 20, 'school_address', '古河市下辺見2145-4'),
(101, 0, 21, 'school_name', '猿島剣友会'),
(102, 0, 21, 'school_address_zip1', '306'),
(103, 0, 21, 'school_address_zip2', '0515'),
(104, 0, 21, 'school_address_pref', '8'),
(105, 0, 21, 'school_address', '坂東市沓掛３-1'),
(106, 0, 22, 'school_name', '一心院道場'),
(107, 0, 22, 'school_address_zip1', '311'),
(108, 0, 22, 'school_address_zip2', '3122'),
(109, 0, 22, 'school_address_pref', '0'),
(110, 0, 22, 'school_address', '東茨城郡茨城町上石崎1877-1'),
(111, 0, 23, 'school_name', 'いばらき少年剣友会'),
(112, 0, 23, 'school_address_zip1', '311'),
(113, 0, 23, 'school_address_zip2', '3131'),
(114, 0, 23, 'school_address_pref', '0'),
(115, 0, 23, 'school_address', '東茨城郡茨城町小堤970-8'),
(116, 0, 24, 'school_name', '財団法人　勝田若葉会'),
(117, 0, 24, 'school_address_zip1', '312'),
(118, 0, 24, 'school_address_zip2', '0052'),
(119, 0, 24, 'school_address_pref', '8'),
(120, 0, 24, 'school_address', 'ひたちなか市東石川2-8-1'),
(121, 0, 25, 'school_name', '俊水館道場'),
(122, 0, 25, 'school_address_zip1', '314'),
(123, 0, 25, 'school_address_zip2', '0128'),
(124, 0, 25, 'school_address_pref', '8'),
(125, 0, 25, 'school_address', '神栖市大野原中央3-7-15'),
(126, 0, 26, 'school_name', '蔵の街剣志会'),
(127, 0, 26, 'school_address_zip1', '323'),
(128, 0, 26, 'school_address_zip2', '0807'),
(129, 0, 26, 'school_address_pref', '9'),
(130, 0, 26, 'school_address', '小山市城東2-29-8'),
(131, 0, 27, 'school_name', '五葉館'),
(132, 0, 27, 'school_address_zip1', '329'),
(133, 0, 27, 'school_address_zip2', '2145'),
(134, 0, 27, 'school_address_pref', '9'),
(135, 0, 27, 'school_address', '矢板市富田374-11'),
(136, 0, 28, 'school_name', '中尾少年剣士会'),
(137, 0, 28, 'school_address_zip1', '336'),
(138, 0, 28, 'school_address_zip2', '0932'),
(139, 0, 28, 'school_address_pref', '0'),
(140, 0, 28, 'school_address', 'さいたま市緑区中尾2321-8'),
(141, 0, 29, 'school_name', '武蔵館'),
(142, 0, 29, 'school_address_zip1', '343'),
(143, 0, 29, 'school_address_zip2', '0045'),
(144, 0, 29, 'school_address_pref', '11'),
(145, 0, 29, 'school_address', '越谷市下間久里548-5'),
(146, 0, 30, 'school_name', '埼玉越生錬成会'),
(147, 0, 30, 'school_address_zip1', '350'),
(148, 0, 30, 'school_address_zip2', '0413'),
(149, 0, 30, 'school_address_pref', '0'),
(150, 0, 30, 'school_address', '入間郡越生町如意968-31'),
(151, 0, 31, 'school_name', '優心塾川井道場'),
(152, 0, 31, 'school_address_zip1', '352'),
(153, 0, 31, 'school_address_zip2', '0023'),
(154, 0, 31, 'school_address_pref', '0'),
(155, 0, 31, 'school_address', '新座市堀の内1-8-25'),
(156, 0, 32, 'school_name', '桶川剣友会'),
(157, 0, 32, 'school_address_zip1', '363'),
(158, 0, 32, 'school_address_zip2', '0025'),
(159, 0, 32, 'school_address_pref', '0'),
(160, 0, 32, 'school_address', '桶川市下日出谷943-95'),
(161, 0, 33, 'school_name', '解脱錬心館'),
(162, 0, 33, 'school_address_zip1', '364'),
(163, 0, 33, 'school_address_zip2', '0031'),
(164, 0, 33, 'school_address_pref', '11'),
(165, 0, 33, 'school_address', '北本市中央1-123'),
(166, 0, 34, 'school_name', '荒川剣友会'),
(167, 0, 34, 'school_address_zip1', '368'),
(168, 0, 34, 'school_address_zip2', '0031'),
(169, 0, 34, 'school_address_pref', '11'),
(170, 0, 34, 'school_address', '秩父市荒川上田野664　'),
(171, 0, 35, 'school_name', '群馬修道館'),
(172, 0, 35, 'school_address_zip1', '370'),
(173, 0, 35, 'school_address_zip2', '3607'),
(174, 0, 35, 'school_address_pref', '10'),
(175, 0, 35, 'school_address', '北群馬郡吉岡町小倉512-3'),
(176, 0, 36, 'school_name', '豊受剣和会'),
(177, 0, 36, 'school_address_zip1', '372'),
(178, 0, 36, 'school_address_zip2', '0851'),
(179, 0, 36, 'school_address_pref', '10'),
(180, 0, 36, 'school_address', '伊勢崎市上蓮町93-4'),
(181, 0, 37, 'school_name', 'さきがけ剣志会'),
(182, 0, 37, 'school_address_zip1', '377'),
(183, 0, 37, 'school_address_zip2', '0027'),
(184, 0, 37, 'school_address_pref', '10'),
(185, 0, 37, 'school_address', '渋川市金井2310金島小学校内'),
(186, 0, 38, 'school_name', '沼田剣桜会道場'),
(187, 0, 38, 'school_address_zip1', '378'),
(188, 0, 38, 'school_address_zip2', '0046'),
(189, 0, 38, 'school_address_pref', '10'),
(190, 0, 38, 'school_address', '沼田市馬喰町1240-14'),
(191, 0, 39, 'school_name', '笠懸剣友会'),
(192, 0, 39, 'school_address_zip1', '379'),
(193, 0, 39, 'school_address_zip2', '2301'),
(194, 0, 39, 'school_address_pref', '10'),
(195, 0, 39, 'school_address', '太田市藪塚町1170-10'),
(196, 0, 40, 'school_name', '藪塚剣道クラブ'),
(197, 0, 40, 'school_address_zip1', '379'),
(198, 0, 40, 'school_address_zip2', '2304'),
(199, 0, 40, 'school_address_pref', '10'),
(200, 0, 40, 'school_address', '太田市大原町1043'),
(201, 0, 41, 'school_name', '北長野剣友会'),
(202, 0, 41, 'school_address_zip1', '380'),
(203, 0, 41, 'school_address_zip2', '0802'),
(204, 0, 41, 'school_address_pref', '0'),
(205, 0, 41, 'school_address', '長野市桐原2-21-16'),
(206, 0, 42, 'school_name', '権堂少年剣友会'),
(207, 0, 42, 'school_address_zip1', '380'),
(208, 0, 42, 'school_address_zip2', '0901'),
(209, 0, 42, 'school_address_pref', '0'),
(210, 0, 42, 'school_address', '長野市居町90-1パークタウン90-306'),
(211, 0, 43, 'school_name', '権堂少年剣友会'),
(212, 0, 43, 'school_address_zip1', '380'),
(213, 0, 43, 'school_address_zip2', '0901'),
(214, 0, 43, 'school_address_pref', '0'),
(215, 0, 43, 'school_address', '長野市居町90-1パークタウン90-306'),
(216, 0, 44, 'school_name', '大豆島少年剣道クラブ'),
(217, 0, 44, 'school_address_zip1', '381'),
(218, 0, 44, 'school_address_zip2', '0023'),
(219, 0, 44, 'school_address_pref', '0'),
(220, 0, 44, 'school_address', '長野市大字風間918-2'),
(221, 0, 45, 'school_name', '長野剣道スポーツ少年団'),
(222, 0, 45, 'school_address_zip1', '381'),
(223, 0, 45, 'school_address_zip2', '0025'),
(224, 0, 45, 'school_address_pref', '0'),
(225, 0, 45, 'school_address', '長野市北長池350朝陽職員宿舎Ａ棟105号'),
(226, 0, 46, 'school_name', '長野剣道スポーツ少年団'),
(227, 0, 46, 'school_address_zip1', '381'),
(228, 0, 46, 'school_address_zip2', '0025'),
(229, 0, 46, 'school_address_pref', '0'),
(230, 0, 46, 'school_address', '長野市北長池350朝陽職員宿舎Ａ棟105号'),
(231, 0, 47, 'school_name', '若槻少年剣友会'),
(232, 0, 47, 'school_address_zip1', '381'),
(233, 0, 47, 'school_address_zip2', '0042'),
(234, 0, 47, 'school_address_pref', '0'),
(235, 0, 47, 'school_address', '長野市稲田1-3-11'),
(236, 0, 48, 'school_name', '長野少年剣道クラブ'),
(237, 0, 48, 'school_address_zip1', '381'),
(238, 0, 48, 'school_address_zip2', '0043'),
(239, 0, 48, 'school_address_pref', '0'),
(240, 0, 48, 'school_address', '長野市吉田5-8-17'),
(241, 0, 49, 'school_name', '若穂剣道育成会'),
(242, 0, 49, 'school_address_zip1', '381'),
(243, 0, 49, 'school_address_zip2', '0102'),
(244, 0, 49, 'school_address_pref', '0'),
(245, 0, 49, 'school_address', '長野市若穂保科3303-1'),
(246, 0, 50, 'school_name', '寺尾少年剣道クラブ'),
(247, 0, 50, 'school_address_zip1', '381'),
(248, 0, 50, 'school_address_zip2', '1214'),
(249, 0, 50, 'school_address_pref', '0'),
(250, 0, 50, 'school_address', '長野市松代町柴66'),
(251, 0, 51, 'school_name', '東条育成会少年剣道クラブ'),
(252, 0, 51, 'school_address_zip1', '381'),
(253, 0, 51, 'school_address_zip2', '1223'),
(254, 0, 51, 'school_address_pref', '0'),
(255, 0, 51, 'school_address', '長野市皆神台235-27'),
(256, 0, 52, 'school_name', '松代地区育成会剣道クラブ'),
(257, 0, 52, 'school_address_zip1', '381'),
(258, 0, 52, 'school_address_zip2', '1231'),
(259, 0, 52, 'school_address_pref', '0'),
(260, 0, 52, 'school_address', '長野市松代町松代1116-7'),
(261, 0, 53, 'school_name', '松代地区育成会剣道クラブ'),
(262, 0, 53, 'school_address_zip1', '381'),
(263, 0, 53, 'school_address_zip2', '1231'),
(264, 0, 53, 'school_address_pref', '0'),
(265, 0, 53, 'school_address', '長野市松代町松代1116-7'),
(266, 0, 54, 'school_name', '清野育成会剣道クラブ'),
(267, 0, 54, 'school_address_zip1', '381'),
(268, 0, 54, 'school_address_zip2', '1233'),
(269, 0, 54, 'school_address_pref', '0'),
(270, 0, 54, 'school_address', '長野市松代町清野1943'),
(271, 0, 55, 'school_name', '清野育成会剣道クラブ'),
(272, 0, 55, 'school_address_zip1', '381'),
(273, 0, 55, 'school_address_zip2', '1233'),
(274, 0, 55, 'school_address_pref', '0'),
(275, 0, 55, 'school_address', '長野市松代町清野1943'),
(276, 0, 56, 'school_name', '青木島剣道少年団'),
(277, 0, 56, 'school_address_zip1', '381'),
(278, 0, 56, 'school_address_zip2', '2206'),
(279, 0, 56, 'school_address_pref', '0'),
(280, 0, 56, 'school_address', '長野市青木島綱島252-5'),
(281, 0, 57, 'school_name', '川中島少年剣友会'),
(282, 0, 57, 'school_address_zip1', '381'),
(283, 0, 57, 'school_address_zip2', '2224'),
(284, 0, 57, 'school_address_pref', '0'),
(285, 0, 57, 'school_address', '長野市川中島町原202-30'),
(286, 0, 58, 'school_name', '悠心舘'),
(287, 0, 58, 'school_address_zip1', '381'),
(288, 0, 58, 'school_address_zip2', '2233'),
(289, 0, 58, 'school_address_pref', '0'),
(290, 0, 58, 'school_address', '長野市川中島上氷鉋686-11'),
(291, 0, 59, 'school_name', '須坂剣道連盟'),
(292, 0, 59, 'school_address_zip1', '382'),
(293, 0, 59, 'school_address_zip2', '0052'),
(294, 0, 59, 'school_address_pref', '20'),
(295, 0, 59, 'school_address', '須坂市塩川町231-8'),
(296, 0, 60, 'school_name', '須高剣道連盟'),
(297, 0, 60, 'school_address_zip1', '382'),
(298, 0, 60, 'school_address_zip2', '0800'),
(299, 0, 60, 'school_address_pref', '20'),
(300, 0, 60, 'school_address', '上高井郡高山村大字高山3387-1'),
(301, 0, 61, 'school_name', '中野市北部育成会少年剣道教室'),
(302, 0, 61, 'school_address_zip1', '383'),
(303, 0, 61, 'school_address_zip2', '0004'),
(304, 0, 61, 'school_address_pref', '0'),
(305, 0, 61, 'school_address', '中野市赤沼639-4'),
(306, 0, 62, 'school_name', '中野市剣道スポーツ少年団'),
(307, 0, 62, 'school_address_zip1', '383'),
(308, 0, 62, 'school_address_zip2', '8614'),
(309, 0, 62, 'school_address_pref', '0'),
(310, 0, 62, 'school_address', '中野市三好町一丁目3-19'),
(311, 0, 63, 'school_name', '小諸少年剣道クラブ'),
(312, 0, 63, 'school_address_zip1', '384'),
(313, 0, 63, 'school_address_zip2', '0083'),
(314, 0, 63, 'school_address_pref', '20'),
(315, 0, 63, 'school_address', '小諸市市703-8'),
(316, 0, 64, 'school_name', '美里少年剣道クラブ'),
(317, 0, 64, 'school_address_zip1', '384'),
(318, 0, 64, 'school_address_zip2', '0084'),
(319, 0, 64, 'school_address_pref', '20'),
(320, 0, 64, 'school_address', '小諸市耳取2369'),
(321, 0, 65, 'school_name', '修錬会'),
(322, 0, 65, 'school_address_zip1', '386'),
(323, 0, 65, 'school_address_zip2', '0012'),
(324, 0, 65, 'school_address_pref', '0'),
(325, 0, 65, 'school_address', '上田市常盤3-14-7'),
(326, 0, 66, 'school_name', '上田神科分団'),
(327, 0, 66, 'school_address_zip1', '386'),
(328, 0, 66, 'school_address_zip2', '0012'),
(329, 0, 66, 'school_address_pref', '0'),
(330, 0, 66, 'school_address', '上田市常盤3-14-7'),
(331, 0, 67, 'school_name', '上田中央分団'),
(332, 0, 67, 'school_address_zip1', '386'),
(333, 0, 67, 'school_address_zip2', '0012'),
(334, 0, 67, 'school_address_pref', '0'),
(335, 0, 67, 'school_address', '上田市常盤3-14-7'),
(336, 0, 68, 'school_name', '更埴東部育成会剣道部'),
(337, 0, 68, 'school_address_zip1', '387'),
(338, 0, 68, 'school_address_zip2', '0003'),
(339, 0, 68, 'school_address_pref', '0'),
(340, 0, 68, 'school_address', '千曲市生萱120'),
(341, 0, 69, 'school_name', '五加育成会剣道クラブ'),
(342, 0, 69, 'school_address_zip1', '387'),
(343, 0, 69, 'school_address_zip2', '0011'),
(344, 0, 69, 'school_address_pref', '0'),
(345, 0, 69, 'school_address', '千曲市杭瀬下6丁目101'),
(346, 0, 70, 'school_name', 'ちくま剣道育成会'),
(347, 0, 70, 'school_address_zip1', '387'),
(348, 0, 70, 'school_address_zip2', '0017'),
(349, 0, 70, 'school_address_pref', '0'),
(350, 0, 70, 'school_address', '千曲市中313'),
(351, 0, 71, 'school_name', '桑原スポーツ少年団'),
(352, 0, 71, 'school_address_zip1', '387'),
(353, 0, 71, 'school_address_zip2', '0024'),
(354, 0, 71, 'school_address_pref', '0'),
(355, 0, 71, 'school_address', '千曲市大字桑原1472-3'),
(356, 0, 72, 'school_name', '南長野剣道少年団'),
(357, 0, 72, 'school_address_zip1', '388'),
(358, 0, 72, 'school_address_zip2', '2225'),
(359, 0, 72, 'school_address_pref', '0'),
(360, 0, 72, 'school_address', '長野市篠ノ井岡田180-11'),
(361, 0, 73, 'school_name', '篠ノ井剣友会'),
(362, 0, 73, 'school_address_zip1', '388'),
(363, 0, 73, 'school_address_zip2', '8004'),
(364, 0, 73, 'school_address_pref', '0'),
(365, 0, 73, 'school_address', '長野市篠ノ井会290'),
(366, 0, 74, 'school_name', '稲里剣道クラブ'),
(367, 0, 74, 'school_address_zip1', '388'),
(368, 0, 74, 'school_address_zip2', '8019'),
(369, 0, 74, 'school_address_pref', '0'),
(370, 0, 74, 'school_address', '長野市篠ノ井杵淵66-4'),
(371, 0, 75, 'school_name', '西寺尾育成会柔剣道部'),
(372, 0, 75, 'school_address_zip1', '388'),
(373, 0, 75, 'school_address_zip2', '8019'),
(374, 0, 75, 'school_address_pref', '0'),
(375, 0, 75, 'school_address', '長野市篠ノ井杵淵839'),
(376, 0, 76, 'school_name', '軽井沢少年剣道クラブ'),
(377, 0, 76, 'school_address_zip1', '389'),
(378, 0, 76, 'school_address_zip2', '0111'),
(379, 0, 76, 'school_address_pref', '0'),
(380, 0, 76, 'school_address', '北佐久郡軽井沢町大字長倉2139-3111'),
(381, 0, 77, 'school_name', '坂城剣道錬成会'),
(382, 0, 77, 'school_address_zip1', '389'),
(383, 0, 77, 'school_address_zip2', '0602'),
(384, 0, 77, 'school_address_pref', '20'),
(385, 0, 77, 'school_address', '埴科郡坂城町中之条2468'),
(386, 0, 78, 'school_name', '豊野町少年剣道クラブ'),
(387, 0, 78, 'school_address_zip1', '389'),
(388, 0, 78, 'school_address_zip2', '1105'),
(389, 0, 78, 'school_address_pref', '20'),
(390, 0, 78, 'school_address', '長野市豊野町大字豊野515-9'),
(391, 0, 79, 'school_name', '富士里少年剣友会'),
(392, 0, 79, 'school_address_zip1', '389'),
(393, 0, 79, 'school_address_zip2', '1313'),
(394, 0, 79, 'school_address_pref', '20'),
(395, 0, 79, 'school_address', '上水内郡信濃町穂波1396-1'),
(396, 0, 80, 'school_name', '飯山剣道連盟'),
(397, 0, 80, 'school_address_zip1', '389'),
(398, 0, 80, 'school_address_zip2', '2413'),
(399, 0, 80, 'school_address_pref', '20'),
(400, 0, 80, 'school_address', '飯山市大字照里548'),
(401, 0, 81, 'school_name', '飯山常盤少年剣道クラブ'),
(402, 0, 81, 'school_address_zip1', '389'),
(403, 0, 81, 'school_address_zip2', '2413'),
(404, 0, 81, 'school_address_pref', '20'),
(405, 0, 81, 'school_address', '飯山市大字照里548'),
(406, 0, 82, 'school_name', '松筑剣道連盟'),
(407, 0, 82, 'school_address_zip1', '390'),
(408, 0, 82, 'school_address_zip2', '0221'),
(409, 0, 82, 'school_address_pref', '0'),
(410, 0, 82, 'school_address', '松本市里山辺4059'),
(411, 0, 83, 'school_name', '原村剣道クラブ'),
(412, 0, 83, 'school_address_zip1', '391'),
(413, 0, 83, 'school_address_zip2', '0108'),
(414, 0, 83, 'school_address_pref', '20'),
(415, 0, 83, 'school_address', '諏訪郡原村八ツ手3663-1'),
(416, 0, 84, 'school_name', '諏訪尚武館道場'),
(417, 0, 84, 'school_address_zip1', '392'),
(418, 0, 84, 'school_address_zip2', '0026'),
(419, 0, 84, 'school_address_pref', '20'),
(420, 0, 84, 'school_address', '諏訪市高島3丁目1405-1'),
(421, 0, 85, 'school_name', '上伊那少年剣士会'),
(422, 0, 85, 'school_address_zip1', '396'),
(423, 0, 85, 'school_address_zip2', '0113'),
(424, 0, 85, 'school_address_pref', '20'),
(425, 0, 85, 'school_address', '伊那市荒井4503-12'),
(426, 0, 86, 'school_name', '對山館'),
(427, 0, 86, 'school_address_zip1', '398'),
(428, 0, 86, 'school_address_zip2', '0001'),
(429, 0, 86, 'school_address_pref', '20'),
(430, 0, 86, 'school_address', '大町市大町2226'),
(431, 0, 87, 'school_name', '塩尻剣道連盟'),
(432, 0, 87, 'school_address_zip1', '399'),
(433, 0, 87, 'school_address_zip2', '0711'),
(434, 0, 87, 'school_address_pref', '20'),
(435, 0, 87, 'school_address', '塩尻市大字片丘7315-1'),
(436, 0, 88, 'school_name', '下條少年剣道クラブ'),
(437, 0, 88, 'school_address_zip1', '399'),
(438, 0, 88, 'school_address_zip2', '2101'),
(439, 0, 88, 'school_address_pref', '20'),
(440, 0, 88, 'school_address', '下伊那郡下條村睦沢8844-1'),
(441, 0, 89, 'school_name', '安曇野市三郷少年剣道クラブ'),
(442, 0, 89, 'school_address_zip1', '399'),
(443, 0, 89, 'school_address_zip2', '8102'),
(444, 0, 89, 'school_address_pref', '0'),
(445, 0, 89, 'school_address', '安曇野市三郷温1914-1'),
(446, 0, 90, 'school_name', '安曇野市少年剣道クラブ'),
(447, 0, 90, 'school_address_zip1', '399'),
(448, 0, 90, 'school_address_zip2', '8102'),
(449, 0, 90, 'school_address_pref', '0'),
(450, 0, 90, 'school_address', '安曇野市三郷温1914-1'),
(451, 0, 91, 'school_name', '安曇野市穂高少年剣道クラブ'),
(452, 0, 91, 'school_address_zip1', '399'),
(453, 0, 91, 'school_address_zip2', '8102'),
(454, 0, 91, 'school_address_pref', '0'),
(455, 0, 91, 'school_address', '安曇野市三郷温1914-1'),
(456, 0, 92, 'school_name', '致道館'),
(457, 0, 92, 'school_address_zip1', '400'),
(458, 0, 92, 'school_address_zip2', '0053'),
(459, 0, 92, 'school_address_pref', '0'),
(460, 0, 92, 'school_address', '甲府市大里町3785-2（甲府市立大里小学校）'),
(461, 0, 93, 'school_name', '山城剣友会'),
(462, 0, 93, 'school_address_zip1', '400'),
(463, 0, 93, 'school_address_zip2', '0831'),
(464, 0, 93, 'school_address_pref', '0'),
(465, 0, 93, 'school_address', '甲府市上町1461'),
(466, 0, 94, 'school_name', '甲南剣友会'),
(467, 0, 94, 'school_address_zip1', '400'),
(468, 0, 94, 'school_address_zip2', '0851'),
(469, 0, 94, 'school_address_pref', '0'),
(470, 0, 94, 'school_address', '甲府市住吉2-1-52　23号'),
(471, 0, 95, 'school_name', '山梨健心館'),
(472, 0, 95, 'school_address_zip1', '409'),
(473, 0, 95, 'school_address_zip2', '3804'),
(474, 0, 95, 'school_address_pref', '0'),
(475, 0, 95, 'school_address', '中央市安之口150-2'),
(476, 0, 96, 'school_name', '山梨中央スポーツ少年団'),
(477, 0, 96, 'school_address_zip1', '409'),
(478, 0, 96, 'school_address_zip2', '3804'),
(479, 0, 96, 'school_address_pref', '0'),
(480, 0, 96, 'school_address', '中央市安之口150-2'),
(481, 0, 97, 'school_name', '三島剣道スポーツ少年団'),
(482, 0, 97, 'school_address_zip1', '411'),
(483, 0, 97, 'school_address_zip2', '0025'),
(484, 0, 97, 'school_address_pref', '0'),
(485, 0, 97, 'school_address', '三島市壱町田82-10長谷川ハイツＢ棟'),
(486, 0, 98, 'school_name', '静岡武修館'),
(487, 0, 98, 'school_address_zip1', '420'),
(488, 0, 98, 'school_address_zip2', '0874'),
(489, 0, 98, 'school_address_pref', '22'),
(490, 0, 98, 'school_address', '静岡市葵区辰起町8-17'),
(491, 0, 99, 'school_name', '水龍舘'),
(492, 0, 99, 'school_address_zip1', '421'),
(493, 0, 99, 'school_address_zip2', '0301'),
(494, 0, 99, 'school_address_pref', '0'),
(495, 0, 99, 'school_address', '榛原郡吉田町住吉2232'),
(496, 0, 100, 'school_name', '青島剣道スポーツ少年団'),
(497, 0, 100, 'school_address_zip1', '426'),
(498, 0, 100, 'school_address_zip2', '0041'),
(499, 0, 100, 'school_address_pref', '22'),
(500, 0, 100, 'school_address', '静岡県藤枝市高柳3-2-6'),
(501, 0, 101, 'school_name', '初真会'),
(502, 0, 101, 'school_address_zip1', '427'),
(503, 0, 101, 'school_address_zip2', '0107'),
(504, 0, 101, 'school_address_pref', '22'),
(505, 0, 101, 'school_address', '島田市 船木2462-2'),
(506, 0, 102, 'school_name', '剣修舘道場'),
(507, 0, 102, 'school_address_zip1', '430'),
(508, 0, 102, 'school_address_zip2', '0803'),
(509, 0, 102, 'school_address_pref', '0'),
(510, 0, 102, 'school_address', '浜松市東区植松町63-6'),
(511, 0, 103, 'school_name', '尚道館'),
(512, 0, 103, 'school_address_zip1', '438'),
(513, 0, 103, 'school_address_zip2', '0074'),
(514, 0, 103, 'school_address_pref', '0'),
(515, 0, 103, 'school_address', '磐田市二之宮1695-4'),
(516, 0, 104, 'school_name', '磐田剣道連盟'),
(517, 0, 104, 'school_address_zip1', '438'),
(518, 0, 104, 'school_address_zip2', '0074'),
(519, 0, 104, 'school_address_pref', '0'),
(520, 0, 104, 'school_address', '磐田市二之宮1695-4'),
(521, 0, 105, 'school_name', '平坂小学校剣道部'),
(522, 0, 105, 'school_address_zip1', '444'),
(523, 0, 105, 'school_address_zip2', '0305'),
(524, 0, 105, 'school_address_pref', '23'),
(525, 0, 105, 'school_address', '西尾市平坂町輪当1番地'),
(526, 0, 106, 'school_name', '玄武道場'),
(527, 0, 106, 'school_address_zip1', '444'),
(528, 0, 106, 'school_address_zip2', '0311'),
(529, 0, 106, 'school_address_pref', '23'),
(530, 0, 106, 'school_address', '西尾市新在家町西郷12-1'),
(531, 0, 107, 'school_name', '矢田小学校剣道部'),
(532, 0, 107, 'school_address_zip1', '444'),
(533, 0, 107, 'school_address_zip2', '0313'),
(534, 0, 107, 'school_address_pref', '23'),
(535, 0, 107, 'school_address', '西尾市上矢田町神明寺24'),
(536, 0, 108, 'school_name', '斉年寺道場剣志会'),
(537, 0, 108, 'school_address_zip1', '457'),
(538, 0, 108, 'school_address_zip2', '0833'),
(539, 0, 108, 'school_address_pref', '0'),
(540, 0, 108, 'school_address', '名古屋市南区東又兵ヱ町2-134'),
(541, 0, 109, 'school_name', '千代が丘剣道教室'),
(542, 0, 109, 'school_address_zip1', '465'),
(543, 0, 109, 'school_address_zip2', '0005'),
(544, 0, 109, 'school_address_pref', '0'),
(545, 0, 109, 'school_address', '名古屋市千種区千代ヶ丘5-50ショッピングコスモ3Ｆ'),
(546, 0, 110, 'school_name', '武徳館剣道教室'),
(547, 0, 110, 'school_address_zip1', '467'),
(548, 0, 110, 'school_address_zip2', '0027'),
(549, 0, 110, 'school_address_pref', '23'),
(550, 0, 110, 'school_address', '名古屋市瑞穂区田辺通4-25鶴陽明ﾊｲﾂ306'),
(551, 0, 111, 'school_name', 'さくら会少年剣道部'),
(552, 0, 111, 'school_address_zip1', '505'),
(553, 0, 111, 'school_address_zip2', '0305'),
(554, 0, 111, 'school_address_pref', '0'),
(555, 0, 111, 'school_address', '加茂郡八百津町和知227-5'),
(556, 0, 112, 'school_name', '飛騨清見聖心館道場'),
(557, 0, 112, 'school_address_zip1', '506'),
(558, 0, 112, 'school_address_zip2', '0103'),
(559, 0, 112, 'school_address_pref', '21'),
(560, 0, 112, 'school_address', '高山市清見町藤瀬568-3'),
(561, 0, 113, 'school_name', '敦賀市剣道スポーツ少年団'),
(562, 0, 113, 'school_address_zip1', '914'),
(563, 0, 113, 'school_address_zip2', '0058'),
(564, 0, 113, 'school_address_pref', '18'),
(565, 0, 113, 'school_address', '敦賀市三島町1丁目1-34'),
(566, 0, 114, 'school_name', '新風館愛宕坂道場'),
(567, 0, 114, 'school_address_zip1', '918'),
(568, 0, 114, 'school_address_zip2', '8007'),
(569, 0, 114, 'school_address_pref', '0'),
(570, 0, 114, 'school_address', '福井市足羽1-8-16'),
(571, 0, 115, 'school_name', '游神館'),
(572, 0, 115, 'school_address_zip1', '920'),
(573, 0, 115, 'school_address_zip2', '0944'),
(574, 0, 115, 'school_address_pref', '0'),
(575, 0, 115, 'school_address', '金沢市三口新町1-16-22'),
(576, 0, 116, 'school_name', '森本少年剣道教室'),
(577, 0, 116, 'school_address_zip1', '920'),
(578, 0, 116, 'school_address_zip2', '3115'),
(579, 0, 116, 'school_address_pref', '0'),
(580, 0, 116, 'school_address', '金沢市弥勒町力144-6'),
(581, 0, 117, 'school_name', '小松桜木剣正館'),
(582, 0, 117, 'school_address_zip1', '923'),
(583, 0, 117, 'school_address_zip2', '0948'),
(584, 0, 117, 'school_address_pref', '0'),
(585, 0, 117, 'school_address', '小松市錦町43'),
(586, 0, 118, 'school_name', '辰口武道館'),
(587, 0, 118, 'school_address_zip1', '923'),
(588, 0, 118, 'school_address_zip2', '1243'),
(589, 0, 118, 'school_address_pref', '0'),
(590, 0, 118, 'school_address', '能美市三ツ屋町ホ66-3'),
(591, 0, 119, 'school_name', '蕪城剣道スポーツ少年団'),
(592, 0, 119, 'school_address_zip1', '924'),
(593, 0, 119, 'school_address_zip2', '0023'),
(594, 0, 119, 'school_address_pref', '17'),
(595, 0, 119, 'school_address', '白山市成町293-3'),
(596, 0, 120, 'school_name', '新化館'),
(597, 0, 120, 'school_address_zip1', '929'),
(598, 0, 120, 'school_address_zip2', '1195'),
(599, 0, 120, 'school_address_pref', '0'),
(600, 0, 120, 'school_address', 'かほく市宇野気ニ81番地'),
(601, 0, 121, 'school_name', '県営富山武道館'),
(602, 0, 121, 'school_address_zip1', '930'),
(603, 0, 121, 'school_address_zip2', '0858'),
(604, 0, 121, 'school_address_pref', '0'),
(605, 0, 121, 'school_address', '富山市牛島町2-10'),
(606, 0, 122, 'school_name', '小杉南剣道教室'),
(607, 0, 122, 'school_address_zip1', '939'),
(608, 0, 122, 'school_address_zip2', '0362'),
(609, 0, 122, 'school_address_pref', '0'),
(610, 0, 122, 'school_address', '射水市小杉町太閤山7-50-1'),
(611, 0, 123, 'school_name', '凌雲館村雲道場'),
(612, 0, 123, 'school_address_zip1', '939'),
(613, 0, 123, 'school_address_zip2', '8042'),
(614, 0, 123, 'school_address_pref', '0'),
(615, 0, 123, 'school_address', '富山市太田北区80-145'),
(616, 0, 124, 'school_name', '高田修道館'),
(617, 0, 124, 'school_address_zip1', '943'),
(618, 0, 124, 'school_address_zip2', '0835'),
(619, 0, 124, 'school_address_pref', '0'),
(620, 0, 124, 'school_address', '上越市本城町4-67'),
(621, 0, 125, 'school_name', '吉川剣道教室'),
(622, 0, 125, 'school_address_zip1', '949'),
(623, 0, 125, 'school_address_zip2', '3403'),
(624, 0, 125, 'school_address_pref', '15'),
(625, 0, 125, 'school_address', '上越市吉川区平等寺167'),
(626, 0, 126, 'school_name', '五十沢剣道クラブ'),
(627, 0, 126, 'school_address_zip1', '949'),
(628, 0, 126, 'school_address_zip2', '6771'),
(629, 0, 126, 'school_address_pref', '0'),
(630, 0, 126, 'school_address', '南魚沼市津久野709-2'),
(631, 0, 127, 'school_name', '白根剣士会道場'),
(632, 0, 127, 'school_address_zip1', '950'),
(633, 0, 127, 'school_address_zip2', '1213'),
(634, 0, 127, 'school_address_pref', '15'),
(635, 0, 127, 'school_address', '新潟市南区能登948-12'),
(636, 0, 128, 'school_name', '上通剣士会'),
(637, 0, 128, 'school_address_zip1', '954'),
(638, 0, 128, 'school_address_zip2', '0133'),
(639, 0, 128, 'school_address_pref', '15'),
(640, 0, 128, 'school_address', '長岡市大曲戸新田521-2'),
(641, 0, 129, 'school_name', '新発田發慶館'),
(642, 0, 129, 'school_address_zip1', '957'),
(643, 0, 129, 'school_address_zip2', '0124'),
(644, 0, 129, 'school_address_pref', '15'),
(645, 0, 129, 'school_address', '北蒲原郡聖籠町蓮野1163-10'),
(646, 0, 130, 'school_name', '一好会'),
(647, 0, 130, 'school_address_zip1', '958'),
(648, 0, 130, 'school_address_zip2', '0857'),
(649, 0, 130, 'school_address_pref', '15'),
(650, 0, 130, 'school_address', '村上市飯野3-4-20'),
(651, 0, 131, 'school_name', '地蔵堂剣士会'),
(652, 0, 131, 'school_address_zip1', '959'),
(653, 0, 131, 'school_address_zip2', '0114'),
(654, 0, 131, 'school_address_pref', '15'),
(655, 0, 131, 'school_address', '燕市一ノ山2-5-2'),
(656, 0, 132, 'school_name', '草野剣道スポーツ少年団'),
(657, 0, 132, 'school_address_zip1', '970'),
(658, 0, 132, 'school_address_zip2', '0112'),
(659, 0, 132, 'school_address_pref', '0'),
(660, 0, 132, 'school_address', 'いわき市平泉崎字砂田8-2'),
(661, 0, 133, 'school_name', '富岡町剣友会'),
(662, 0, 133, 'school_address_zip1', '979'),
(663, 0, 133, 'school_address_zip2', '1111'),
(664, 0, 133, 'school_address_pref', '0'),
(665, 0, 133, 'school_address', '双葉郡富岡町小浜1-1'),
(666, 0, 134, 'school_name', '尚武殿一森山道場'),
(667, 0, 134, 'school_address_zip1', '985'),
(668, 0, 134, 'school_address_zip2', '0061'),
(669, 0, 134, 'school_address_pref', '4'),
(670, 0, 134, 'school_address', '塩竈市清水沢3-27-12'),
(671, 0, 135, 'school_name', '吉成剣友会'),
(672, 0, 135, 'school_address_zip1', '989'),
(673, 0, 135, 'school_address_zip2', '3205'),
(674, 0, 135, 'school_address_pref', '4'),
(675, 0, 135, 'school_address', '仙台市青葉区吉成2-10-32'),
(676, 0, 135, 'school_org_school_name', ''),
(677, 0, 135, 'school_org', '0'),
(678, 0, 135, 'school_name_kana', ''),
(679, 0, 135, 'school_name_ryaku', ''),
(680, 0, 135, 'school_phone_tel', ''),
(681, 0, 135, 'school_phone_fax', ''),
(682, 0, 135, 'responsible', ''),
(683, 0, 135, 'responsible_contact_mobile', ''),
(684, 0, 135, 'responsible_contact_tel', ''),
(685, 0, 135, 'responsible_email', ''),
(686, 0, 135, 'referee_sei', ''),
(687, 0, 135, 'referee_mei', ''),
(688, 0, 135, 'referee_rank', ''),
(689, 0, 135, 'insotu1_sei', ''),
(690, 0, 135, 'insotu1_mei', ''),
(691, 0, 135, 'insotu2_sei', ''),
(692, 0, 135, 'insotu2_mei', ''),
(693, 0, 135, 'insotu3_sei', ''),
(694, 0, 135, 'insotu3_mei', ''),
(695, 0, 135, 'insotu4_sei', ''),
(696, 0, 135, 'insotu4_mei', ''),
(697, 0, 135, 'shumoku_dantai_taikai', '0'),
(698, 0, 135, 'shumoku_dantai_rensei_am', '0'),
(699, 0, 135, 'shumoku_dantai_rensei_pm', '0'),
(700, 0, 135, 'shumoku_dantai_opening', '0'),
(701, 0, 135, 'shumoku_dantai_konshin', '0'),
(702, 0, 135, 'shumoku_dantai_text', ''),
(703, 0, 135, 'manager_sei', ''),
(704, 0, 135, 'manager_mei', ''),
(705, 0, 135, 'manager_add', ''),
(706, 0, 135, 'manager_disp', ''),
(707, 0, 135, 'captain_sei', ''),
(708, 0, 135, 'captain_mei', ''),
(709, 0, 135, 'captain_add', ''),
(710, 0, 135, 'captain_disp', ''),
(711, 0, 135, 'player1_sei', ''),
(712, 0, 135, 'player1_mei', ''),
(713, 0, 135, 'player1_add', ''),
(714, 0, 135, 'player1_disp', ''),
(715, 0, 135, 'player1_grade', '0'),
(716, 0, 135, 'player2_sei', ''),
(717, 0, 135, 'player2_mei', ''),
(718, 0, 135, 'player2_add', ''),
(719, 0, 135, 'player2_disp', ''),
(720, 0, 135, 'player2_grade', '0'),
(721, 0, 135, 'player3_sei', ''),
(722, 0, 135, 'player3_mei', ''),
(723, 0, 135, 'player3_add', ''),
(724, 0, 135, 'player3_disp', ''),
(725, 0, 135, 'player3_grade', '0'),
(726, 0, 135, 'player4_sei', ''),
(727, 0, 135, 'player4_mei', ''),
(728, 0, 135, 'player4_add', ''),
(729, 0, 135, 'player4_disp', ''),
(730, 0, 135, 'player4_grade', '0'),
(731, 0, 135, 'player5_sei', ''),
(732, 0, 135, 'player5_mei', ''),
(733, 0, 135, 'player5_add', ''),
(734, 0, 135, 'player5_disp', ''),
(735, 0, 135, 'player5_grade', '0'),
(736, 0, 135, 'player6_sei', ''),
(737, 0, 135, 'player6_mei', ''),
(738, 0, 135, 'player6_add', ''),
(739, 0, 135, 'player6_disp', ''),
(740, 0, 135, 'player6_grade', '0'),
(741, 0, 135, 'player7_sei', ''),
(742, 0, 135, 'player7_mei', ''),
(743, 0, 135, 'player7_add', ''),
(744, 0, 135, 'player7_disp', ''),
(745, 0, 135, 'player7_grade', '0'),
(746, 0, 135, 'introduction', ''),
(747, 0, 135, 'main_results', ''),
(748, 0, 135, 'traffic', ''),
(749, 0, 135, 'traffic_mycar', ''),
(750, 0, 135, 'traffic_share', ''),
(751, 0, 135, 'traffic_other', '');

-- --------------------------------------------------------

--
-- テーブルの構造 `entry_field_def`
--

CREATE TABLE IF NOT EXISTS `entry_field_def` (
  `id` int(10) unsigned NOT NULL AUTO_INCREMENT,
  `series` int(10) unsigned NOT NULL DEFAULT '0',
  `field` varchar(128) NOT NULL,
  `data` varchar(128) NOT NULL,
  `name` varchar(128) NOT NULL,
  `kind` varchar(128) NOT NULL,
  `placeholder` varchar(128) NOT NULL,
  `text_width` smallint(4) NOT NULL DEFAULT '0',
  `select_info` text NOT NULL,
  `span_next` tinyint(1) NOT NULL DEFAULT '0',
  PRIMARY KEY (`id`)
) ENGINE=MyISAM  DEFAULT CHARSET=utf8 AUTO_INCREMENT=98 ;

--
-- テーブルのデータをダンプしています `entry_field_def`
--

INSERT INTO `entry_field_def` (`id`, `series`, `field`, `data`, `name`, `kind`, `placeholder`, `text_width`, `select_info`, `span_next`) VALUES
(1, 2, '', '', '入力フォーム', 'title1', 'PDF申込書', 0, '', 0),
(2, 2, 'school_org', 'text', '学校種別', 'school_org', '学校種別', 14, '', 0),
(3, 2, 'school_name', 'text', '学校名', 'text', '学校名', 100, '', 0),
(4, 2, 'school_name_kana', 'text', '学校名フリガナ', 'text', '学校名フリガナ', 100, '', 0),
(5, 2, 'school_name_ryaku', 'text', '学校名略称', 'text', '学校名略称', 100, '', 0),
(6, 2, 'school_address', 'text', '学校住所', 'address', '学校住所', 14, '', 0),
(7, 2, 'school_phone', 'text', '電話番号／FAX番号', 'tel_fax', '電話番号／FAX番号', 14, '', 0),
(8, 2, 'responsible', 'text', '記入責任者', 'text', '記入責任者', 14, '', 0),
(9, 2, 'responsible_contact', 'text', '連絡先', 'mobile_tel', '連絡先', 14, '', 0),
(10, 2, 'responsible_email', 'text', 'E-mail', 'email', 'E-mail', 90, '', 0),
(11, 2, 'referee', 'text', '協力審判員', 'name', '協力審判員', 14, '', 0),
(12, 2, 'referee_rank', 'text', '段位', 'text', '', 8, '', 0),
(13, 2, 'refereeing_category', 'text', '審判希望部門', 'check', '', 0, '男子|m|女子|w', 0),
(14, 2, 'insotu1', 'text', '引率者1氏名', 'name', '引率者1氏名', 14, '', 0),
(15, 2, 'insotu2', 'text', '引率者2氏名', 'name', '引率者2氏名', 14, '', 0),
(16, 2, 'insotu3', 'text', '引率者3氏名', 'name', '引率者3氏名', 14, '', 0),
(17, 2, 'insotu4', 'text', '引率者4氏名', 'name', '引率者4氏名', 14, '', 0),
(18, 2, '', '', '男子団体', 'title2', 'カタログ出力見本', 0, 'href="#" onClick="window.open(''catalog_m.php'',''catalog sample'',''toolbar=no,scrollbar=auto,width=800,height=400''); return false;"', 0),
(19, 2, 'shumoku_dantai_m', 'integer', '男子団体', 'include', '', 0, 'shumoku_dantai_m', 0),
(20, 2, 'manager_m', 'text', '男子監督氏名', 'name2', '男子監督氏名', 10, '', 0),
(21, 2, 'captain_m', 'text', '男子主将氏名', 'name2', '男子主将氏名', 10, '', 0),
(22, 2, 'player1_m', 'text', '男子先鋒氏名', 'name2', '男子先鋒氏名', 10, '', 0),
(23, 2, 'player1_grade_m', 'integer', '男子先鋒学年', 'grade_j', '', 8, '', 0),
(24, 2, 'player2_m', 'text', '男子次峰氏名', 'name2', '男子次峰氏名', 10, '', 0),
(25, 2, 'player2_grade_m', 'integer', '男子次峰学年', 'grade_j', '', 8, '', 0),
(26, 2, 'player3_m', 'text', '男子中堅氏名', 'name2', '男子中堅氏名', 10, '', 0),
(27, 2, 'player3_grade_m', 'integer', '男子中堅学年', 'grade_j', '', 8, '', 0),
(28, 2, 'player4_m', 'text', '男子副将氏名', 'name2', '男子副将氏名', 10, '', 0),
(29, 2, 'player4_grade_m', 'integer', '男子副将学年', 'grade_j', '', 8, '', 0),
(30, 2, 'player5_m', 'text', '男子大将氏名', 'name2', '男子大将氏名', 10, '', 0),
(31, 2, 'player5_grade_m', 'integer', '男子大将学年', 'grade_j', '', 8, '', 0),
(32, 2, 'player6_m', 'text', '男子補員１氏名', 'name2', '男子補員１氏名', 10, '', 0),
(33, 2, 'player6_grade_m', 'integer', '男子補員１学年', 'grade_j', '', 8, '', 0),
(34, 2, 'player7_m', 'text', '男子補員２氏名', 'name2', '男子補員２氏名', 10, '', 0),
(35, 2, 'player7_grade_m', 'integer', '男子補員２学年', 'grade_j', '', 8, '', 0),
(36, 2, 'introduction_m', 'text', '男子チーム紹介', 'textarea', '男子チーム紹介', 100, '', 0),
(37, 2, 'main_results_m', 'text', '男子主な戦績', 'textarea', '男子主な戦績', 100, '', 0),
(38, 2, '', '', '女子団体', 'title2', 'カタログ出力見本', 0, 'href="#" onClick="window.open(''catalog_w.php'',''catalog sample'',''toolbar=no,scrollbar=auto,width=800,height=400''); return false;"', 0),
(39, 2, 'shumoku_dantai_w', 'integer', '女子団体', 'include', '', 0, 'shumoku_dantai_w', 0),
(40, 2, 'manager_w', 'text', '女子監督氏名', 'name2', '女子監督氏名', 10, '', 0),
(41, 2, 'captain_w', 'text', '女子主将氏名', 'name2', '女子主将氏名', 10, '', 0),
(42, 2, 'player1_w', 'text', '女子先鋒氏名', 'name2', '女子先鋒氏名', 10, '', 0),
(43, 2, 'player1_grade_w', 'integer', '女子先鋒学年', 'grade_j', '', 8, '', 0),
(44, 2, 'player2_w', 'text', '女子次峰氏名', 'name2', '女子次峰氏名', 10, '', 0),
(45, 2, 'player2_grade_w', 'integer', '女子次峰学年', 'grade_j', '', 8, '', 0),
(46, 2, 'player3_w', 'text', '女子中堅氏名', 'name2', '女子中堅氏名', 10, '', 0),
(47, 2, 'player3_grade_w', 'integer', '女子中堅学年', 'grade_j', '', 8, '', 0),
(48, 2, 'player4_w', 'text', '女子副将氏名', 'name2', '女子副将氏名', 10, '', 0),
(49, 2, 'player4_grade_w', 'integer', '女子副将学年', 'grade_j', '', 8, '', 0),
(50, 2, 'player5_w', 'text', '女子大将氏名', 'name2', '女子大将氏名', 10, '', 0),
(51, 2, 'player5_grade_w', 'integer', '女子大将学年', 'grade_j', '', 8, '', 0),
(52, 2, 'player6_w', 'text', '女子補員１氏名', 'name2', '女子補員１氏名', 10, '', 0),
(53, 2, 'player6_grade_w', 'integer', '女子補員１学年', 'grade_j', '', 8, '', 0),
(54, 2, 'player7_w', 'text', '女子補員２氏名', 'name2', '女子補員２氏名', 10, '', 0),
(55, 2, 'player7_grade_w', 'integer', '女子補員２学年', 'grade_j', '', 8, '', 0),
(56, 2, 'introduction_w', 'text', '女子チーム紹介', 'textarea', '女子チーム紹介', 100, '', 0),
(57, 2, 'main_results_w', 'text', '女子主な戦績', 'textarea', '女子主な戦績', 100, '', 0),
(58, 2, '', '', '交通手段', 'title2', '', 0, '', 0),
(59, 2, 'traffic', 'integer', '交通手段', 'include', '', 100, 'traffic', 0),
(60, 3, '', '', '入力フォーム', 'title1', 'PDF申込書', 0, '', 0),
(61, 3, 'school_org', 'text', '学校種別', 'school_org', '学校種別', 14, '', 0),
(62, 3, 'school_name', 'text', '学校名', 'text', '学校名', 100, '', 0),
(63, 3, 'school_name_kana', 'text', '学校名フリガナ', 'text', '学校名フリガナ', 100, '', 0),
(64, 3, 'school_name_ryaku', 'text', '学校名略称', 'text', '学校名略称', 100, '', 0),
(65, 3, 'school_address', 'text', '学校住所', 'address', '学校住所', 14, '', 0),
(66, 3, 'school_phone', 'text', '電話番号／FAX番号', 'tel_fax', '電話番号／FAX番号', 14, '', 0),
(67, 3, 'responsible', 'text', '記入責任者', 'text', '記入責任者', 14, '', 0),
(68, 3, 'responsible_contact', 'text', '連絡先', 'mobile_tel', '連絡先', 14, '', 0),
(69, 3, 'responsible_email', 'text', 'E-mail', 'email', 'E-mail', 90, '', 0),
(70, 3, 'referee', 'text', '協力審判員', 'name', '協力審判員', 14, '', 0),
(71, 3, 'referee_rank', 'text', '段位', 'text', '', 8, '', 0),
(72, 3, 'insotu1', 'text', '引率者1氏名', 'name', '引率者1氏名', 14, '', 0),
(73, 3, 'insotu2', 'text', '引率者2氏名', 'name', '引率者2氏名', 14, '', 0),
(74, 3, 'insotu3', 'text', '引率者3氏名', 'name', '引率者3氏名', 14, '', 0),
(75, 3, 'insotu4', 'text', '引率者4氏名', 'name', '引率者4氏名', 14, '', 0),
(76, 3, '', '', '団体', 'title2', 'カタログ出力見本', 0, 'href="#" onClick="window.open(''catalog_m.php'',''catalog sample'',''toolbar=no,scrollbar=auto,width=800,height=400''); return false;"', 0),
(77, 3, 'shumoku_dantai', 'integer', '団体', 'include', '', 0, 'shumoku_dantai', 0),
(78, 3, 'manager', 'text', '監督氏名', 'name2', '監督氏名', 10, '', 0),
(79, 3, 'captain', 'text', '主将氏名', 'name2', '主将氏名', 10, '', 0),
(80, 3, 'player1', 'text', '先鋒氏名', 'name2', '先鋒氏名', 10, '', 0),
(81, 3, 'player1_grade', 'integer', '先鋒学年', 'grade_j', '', 8, '', 0),
(82, 3, 'player2', 'text', '次峰氏名', 'name2', '次峰氏名', 10, '', 0),
(83, 3, 'player2_grade', 'integer', '次峰学年', 'grade_j', '', 8, '', 0),
(84, 3, 'player3', 'text', '中堅氏名', 'name2', '中堅氏名', 10, '', 0),
(85, 3, 'player3_grade', 'integer', '中堅学年', 'grade_j', '', 8, '', 0),
(86, 3, 'player4', 'text', '副将氏名', 'name2', '副将氏名', 10, '', 0),
(87, 3, 'player4_grade', 'integer', '副将学年', 'grade_j', '', 8, '', 0),
(88, 3, 'player5', 'text', '大将氏名', 'name2', '大将氏名', 10, '', 0),
(89, 3, 'player5_grade', 'integer', '大将学年', 'grade_j', '', 8, '', 0),
(90, 3, 'player6', 'text', '補員１氏名', 'name2', '補員１氏名', 10, '', 0),
(91, 3, 'player6_grade', 'integer', '補員１学年', 'grade_j', '', 8, '', 0),
(92, 3, 'player7', 'text', '補員２氏名', 'name2', '補員２氏名', 10, '', 0),
(93, 3, 'player7_grade', 'integer', '補員２学年', 'grade_j', '', 8, '', 0),
(94, 3, 'introduction', 'text', 'チーム紹介', 'textarea', 'チーム紹介', 100, '', 0),
(95, 3, 'main_results', 'text', '主な戦績', 'textarea', '主な戦績', 100, '', 0),
(96, 3, '', '', '交通手段', 'title2', '', 0, '', 0),
(97, 3, 'traffic', 'integer', '交通手段', 'include', '', 100, 'traffic', 0);

-- --------------------------------------------------------

--
-- テーブルの構造 `entry_image`
--

CREATE TABLE IF NOT EXISTS `entry_image` (
  `id` int(10) unsigned NOT NULL AUTO_INCREMENT,
  `info` int(10) unsigned NOT NULL DEFAULT '0',
  `image` text NOT NULL,
  `file` text NOT NULL,
  PRIMARY KEY (`id`),
  KEY `id` (`id`)
) ENGINE=MyISAM DEFAULT CHARSET=utf8 AUTO_INCREMENT=1 ;

--
-- テーブルのデータをダンプしています `entry_image`
--


-- --------------------------------------------------------

--
-- テーブルの構造 `entry_info`
--

CREATE TABLE IF NOT EXISTS `entry_info` (
  `id` int(10) unsigned NOT NULL AUTO_INCREMENT,
  `series` int(10) unsigned NOT NULL DEFAULT '0',
  `disp_order` int(11) unsigned NOT NULL DEFAULT '0',
  `create_date` datetime NOT NULL,
  `update_date` datetime NOT NULL,
  `del` tinyint(2) unsigned NOT NULL DEFAULT '0',
  PRIMARY KEY (`id`)
) ENGINE=MyISAM  DEFAULT CHARSET=utf8 AUTO_INCREMENT=136 ;

--
-- テーブルのデータをダンプしています `entry_info`
--

INSERT INTO `entry_info` (`id`, `series`, `disp_order`, `create_date`, `update_date`, `del`) VALUES
(1, 3, 0, '2015-02-20 11:36:33', '2015-02-20 11:36:33', 0),
(2, 3, 0, '2015-02-20 11:36:33', '2015-02-20 11:36:33', 0),
(3, 3, 0, '2015-02-20 11:36:33', '2015-02-20 11:36:33', 0),
(4, 3, 0, '2015-02-20 11:36:33', '2015-02-20 11:36:33', 0),
(5, 3, 0, '2015-02-20 11:36:33', '2015-02-20 11:36:33', 0),
(6, 3, 0, '2015-02-20 11:36:33', '2015-02-20 11:36:33', 0),
(7, 3, 0, '2015-02-20 11:36:33', '2015-02-20 11:36:33', 0),
(8, 3, 0, '2015-02-20 11:36:33', '2015-02-20 11:36:33', 0),
(9, 3, 0, '2015-02-20 11:36:33', '2015-02-20 11:36:33', 0),
(10, 3, 0, '2015-02-20 11:36:33', '2015-02-20 11:36:33', 0),
(11, 3, 0, '2015-02-20 11:36:33', '2015-02-20 11:36:33', 0),
(12, 3, 0, '2015-02-20 11:36:33', '2015-02-20 11:36:33', 0),
(13, 3, 0, '2015-02-20 11:36:33', '2015-02-20 11:36:33', 0),
(14, 3, 0, '2015-02-20 11:36:34', '2015-02-20 11:36:34', 0),
(15, 3, 0, '2015-02-20 11:36:34', '2015-02-20 11:36:34', 0),
(16, 3, 0, '2015-02-20 11:36:34', '2015-02-20 11:36:34', 0),
(17, 3, 0, '2015-02-20 11:36:34', '2015-02-20 11:36:34', 0),
(18, 3, 0, '2015-02-20 11:36:34', '2015-02-20 11:36:34', 0),
(19, 3, 0, '2015-02-20 11:36:34', '2015-02-20 11:36:34', 0),
(20, 3, 0, '2015-02-20 11:36:34', '2015-02-20 11:36:34', 0),
(21, 3, 0, '2015-02-20 11:36:34', '2015-02-20 11:36:34', 0),
(22, 3, 0, '2015-02-20 11:36:34', '2015-02-20 11:36:34', 0),
(23, 3, 0, '2015-02-20 11:36:34', '2015-02-20 11:36:34', 0),
(24, 3, 0, '2015-02-20 11:36:34', '2015-02-20 11:36:34', 0),
(25, 3, 0, '2015-02-20 11:36:34', '2015-02-20 11:36:34', 0),
(26, 3, 0, '2015-02-20 11:36:34', '2015-02-20 11:36:34', 0),
(27, 3, 0, '2015-02-20 11:36:34', '2015-02-20 11:36:34', 0),
(28, 3, 0, '2015-02-20 11:36:34', '2015-02-20 11:36:34', 0),
(29, 3, 0, '2015-02-20 11:36:34', '2015-02-20 11:36:34', 0),
(30, 3, 0, '2015-02-20 11:36:34', '2015-02-20 11:36:34', 0),
(31, 3, 0, '2015-02-20 11:36:34', '2015-02-20 11:36:34', 0),
(32, 3, 0, '2015-02-20 11:36:34', '2015-02-20 11:36:34', 0),
(33, 3, 0, '2015-02-20 11:36:34', '2015-02-20 11:36:34', 0),
(34, 3, 0, '2015-02-20 11:36:34', '2015-02-20 11:36:34', 0),
(35, 3, 0, '2015-02-20 11:36:34', '2015-02-20 11:36:34', 0),
(36, 3, 0, '2015-02-20 11:36:34', '2015-02-20 11:36:34', 0),
(37, 3, 0, '2015-02-20 11:36:34', '2015-02-20 11:36:34', 0),
(38, 3, 0, '2015-02-20 11:36:34', '2015-02-20 11:36:34', 0),
(39, 3, 0, '2015-02-20 11:36:34', '2015-02-20 11:36:34', 0),
(40, 3, 0, '2015-02-20 11:36:34', '2015-02-20 11:36:34', 0),
(41, 3, 0, '2015-02-20 11:36:34', '2015-02-20 11:36:34', 0),
(42, 3, 0, '2015-02-20 11:36:34', '2015-02-20 11:36:34', 0),
(43, 3, 0, '2015-02-20 11:36:34', '2015-02-20 11:36:34', 0),
(44, 3, 0, '2015-02-20 11:36:34', '2015-02-20 11:36:34', 0),
(45, 3, 0, '2015-02-20 11:36:34', '2015-02-20 11:36:34', 0),
(46, 3, 0, '2015-02-20 11:36:34', '2015-02-20 11:36:34', 0),
(47, 3, 0, '2015-02-20 11:36:34', '2015-02-20 11:36:34', 0),
(48, 3, 0, '2015-02-20 11:36:34', '2015-02-20 11:36:34', 0),
(49, 3, 0, '2015-02-20 11:36:34', '2015-02-20 11:36:34', 0),
(50, 3, 0, '2015-02-20 11:36:34', '2015-02-20 11:36:34', 0),
(51, 3, 0, '2015-02-20 11:36:34', '2015-02-20 11:36:34', 0),
(52, 3, 0, '2015-02-20 11:36:34', '2015-02-20 11:36:34', 0),
(53, 3, 0, '2015-02-20 11:36:34', '2015-02-20 11:36:34', 0),
(54, 3, 0, '2015-02-20 11:36:34', '2015-02-20 11:36:34', 0),
(55, 3, 0, '2015-02-20 11:36:34', '2015-02-20 11:36:34', 0),
(56, 3, 0, '2015-02-20 11:36:34', '2015-02-20 11:36:34', 0),
(57, 3, 0, '2015-02-20 11:36:34', '2015-02-20 11:36:34', 0),
(58, 3, 0, '2015-02-20 11:36:34', '2015-02-20 11:36:34', 0),
(59, 3, 0, '2015-02-20 11:36:34', '2015-02-20 11:36:34', 0),
(60, 3, 0, '2015-02-20 11:36:34', '2015-02-20 11:36:34', 0),
(61, 3, 0, '2015-02-20 11:36:34', '2015-02-20 11:36:34', 0),
(62, 3, 0, '2015-02-20 11:36:34', '2015-02-20 11:36:34', 0),
(63, 3, 0, '2015-02-20 11:36:34', '2015-02-20 11:36:34', 0),
(64, 3, 0, '2015-02-20 11:36:34', '2015-02-20 11:36:34', 0),
(65, 3, 0, '2015-02-20 11:36:34', '2015-02-20 11:36:34', 0),
(66, 3, 0, '2015-02-20 11:36:34', '2015-02-20 11:36:34', 0),
(67, 3, 0, '2015-02-20 11:36:34', '2015-02-20 11:36:34', 0),
(68, 3, 0, '2015-02-20 11:36:34', '2015-02-20 11:36:34', 0),
(69, 3, 0, '2015-02-20 11:36:34', '2015-02-20 11:36:34', 0),
(70, 3, 0, '2015-02-20 11:36:34', '2015-02-20 11:36:34', 0),
(71, 3, 0, '2015-02-20 11:36:34', '2015-02-20 11:36:34', 0),
(72, 3, 0, '2015-02-20 11:36:34', '2015-02-20 11:36:34', 0),
(73, 3, 0, '2015-02-20 11:36:34', '2015-02-20 11:36:34', 0),
(74, 3, 0, '2015-02-20 11:36:34', '2015-02-20 11:36:34', 0),
(75, 3, 0, '2015-02-20 11:36:34', '2015-02-20 11:36:34', 0),
(76, 3, 0, '2015-02-20 11:36:34', '2015-02-20 11:36:34', 0),
(77, 3, 0, '2015-02-20 11:36:34', '2015-02-20 11:36:34', 0),
(78, 3, 0, '2015-02-20 11:36:34', '2015-02-20 11:36:34', 0),
(79, 3, 0, '2015-02-20 11:36:34', '2015-02-20 11:36:34', 0),
(80, 3, 0, '2015-02-20 11:36:34', '2015-02-20 11:36:34', 0),
(81, 3, 0, '2015-02-20 11:36:34', '2015-02-20 11:36:34', 0),
(82, 3, 0, '2015-02-20 11:36:34', '2015-02-20 11:36:34', 0),
(83, 3, 0, '2015-02-20 11:36:34', '2015-02-20 11:36:34', 0),
(84, 3, 0, '2015-02-20 11:36:34', '2015-02-20 11:36:34', 0),
(85, 3, 0, '2015-02-20 11:36:34', '2015-02-20 11:36:34', 0),
(86, 3, 0, '2015-02-20 11:36:34', '2015-02-20 11:36:34', 0),
(87, 3, 0, '2015-02-20 11:36:34', '2015-02-20 11:36:34', 0),
(88, 3, 0, '2015-02-20 11:36:34', '2015-02-20 11:36:34', 0),
(89, 3, 0, '2015-02-20 11:36:34', '2015-02-20 11:36:34', 0),
(90, 3, 0, '2015-02-20 11:36:34', '2015-02-20 11:36:34', 0),
(91, 3, 0, '2015-02-20 11:36:34', '2015-02-20 11:36:34', 0),
(92, 3, 0, '2015-02-20 11:36:34', '2015-02-20 11:36:34', 0),
(93, 3, 0, '2015-02-20 11:36:34', '2015-02-20 11:36:34', 0),
(94, 3, 0, '2015-02-20 11:36:34', '2015-02-20 11:36:34', 0),
(95, 3, 0, '2015-02-20 11:36:34', '2015-02-20 11:36:34', 0),
(96, 3, 0, '2015-02-20 11:36:34', '2015-02-20 11:36:34', 0),
(97, 3, 0, '2015-02-20 11:36:34', '2015-02-20 11:36:34', 0),
(98, 3, 0, '2015-02-20 11:36:34', '2015-02-20 11:36:34', 0),
(99, 3, 0, '2015-02-20 11:36:34', '2015-02-20 11:36:34', 0),
(100, 3, 0, '2015-02-20 11:36:34', '2015-02-20 11:36:34', 0),
(101, 3, 0, '2015-02-20 11:36:34', '2015-02-20 11:36:34', 0),
(102, 3, 0, '2015-02-20 11:36:34', '2015-02-20 11:36:34', 0),
(103, 3, 0, '2015-02-20 11:36:34', '2015-02-20 11:36:34', 0),
(104, 3, 0, '2015-02-20 11:36:34', '2015-02-20 11:36:34', 0),
(105, 3, 0, '2015-02-20 11:36:34', '2015-02-20 11:36:34', 0),
(106, 3, 0, '2015-02-20 11:36:34', '2015-02-20 11:36:34', 0),
(107, 3, 0, '2015-02-20 11:36:34', '2015-02-20 11:36:34', 0),
(108, 3, 0, '2015-02-20 11:36:34', '2015-02-20 11:36:34', 0),
(109, 3, 0, '2015-02-20 11:36:34', '2015-02-20 11:36:34', 0),
(110, 3, 0, '2015-02-20 11:36:34', '2015-02-20 11:36:34', 0),
(111, 3, 0, '2015-02-20 11:36:34', '2015-02-20 11:36:34', 0),
(112, 3, 0, '2015-02-20 11:36:34', '2015-02-20 11:36:34', 0),
(113, 3, 0, '2015-02-20 11:36:34', '2015-02-20 11:36:34', 0),
(114, 3, 0, '2015-02-20 11:36:34', '2015-02-20 11:36:34', 0),
(115, 3, 0, '2015-02-20 11:36:34', '2015-02-20 11:36:34', 0),
(116, 3, 0, '2015-02-20 11:36:34', '2015-02-20 11:36:34', 0),
(117, 3, 0, '2015-02-20 11:36:34', '2015-02-20 11:36:34', 0),
(118, 3, 0, '2015-02-20 11:36:34', '2015-02-20 11:36:34', 0),
(119, 3, 0, '2015-02-20 11:36:34', '2015-02-20 11:36:34', 0),
(120, 3, 0, '2015-02-20 11:36:34', '2015-02-20 11:36:34', 0),
(121, 3, 0, '2015-02-20 11:36:34', '2015-02-20 11:36:34', 0),
(122, 3, 0, '2015-02-20 11:36:34', '2015-02-20 11:36:34', 0),
(123, 3, 0, '2015-02-20 11:36:34', '2015-02-20 11:36:34', 0),
(124, 3, 0, '2015-02-20 11:36:34', '2015-02-20 11:36:34', 0),
(125, 3, 0, '2015-02-20 11:36:34', '2015-02-20 11:36:34', 0),
(126, 3, 0, '2015-02-20 11:36:34', '2015-02-20 11:36:34', 0),
(127, 3, 0, '2015-02-20 11:36:34', '2015-02-20 11:36:34', 0),
(128, 3, 0, '2015-02-20 11:36:34', '2015-02-20 11:36:34', 0),
(129, 3, 0, '2015-02-20 11:36:34', '2015-02-20 11:36:34', 0),
(130, 3, 0, '2015-02-20 11:36:34', '2015-02-20 11:36:34', 0),
(131, 3, 0, '2015-02-20 11:36:34', '2015-02-20 11:36:34', 0),
(132, 3, 0, '2015-02-20 11:36:34', '2015-02-20 11:36:34', 0),
(133, 3, 0, '2015-02-20 11:36:34', '2015-02-20 11:36:34', 0),
(134, 3, 0, '2015-02-20 11:36:34', '2015-02-20 11:36:34', 0),
(135, 3, 0, '2015-02-20 11:36:34', '2015-02-20 12:13:20', 0);

-- --------------------------------------------------------

--
-- テーブルの構造 `entry_users`
--

CREATE TABLE IF NOT EXISTS `entry_users` (
  `id` int(8) unsigned NOT NULL AUTO_INCREMENT,
  `series` int(10) unsigned NOT NULL DEFAULT '0',
  `info` int(10) unsigned NOT NULL DEFAULT '0',
  `user_name` varchar(64) NOT NULL DEFAULT '',
  `user_pass` varchar(64) NOT NULL DEFAULT '',
  `del` tinyint(2) NOT NULL DEFAULT '0',
  PRIMARY KEY (`id`)
) ENGINE=MyISAM  DEFAULT CHARSET=utf8 AUTO_INCREMENT=137 ;

--
-- テーブルのデータをダンプしています `entry_users`
--

INSERT INTO `entry_users` (`id`, `series`, `info`, `user_name`, `user_pass`, `del`) VALUES
(1, 2, 0, 'mizu', 'ed0b8bcc87fa4870a25691f83cc56f605743078b', 0),
(2, 3, 1, 'akebono', '02a3b04aa4ce7166df4f2d820542536cdb9004d1', 0),
(3, 3, 2, 'kasaokadojo', '5f1406b02fbf45b6b6c6b7e56e3f29d39c746e63', 0),
(4, 3, 3, 'umehon', '33785ad1719215d9b7284e1ec4e51a2b7c4c1f3c', 0),
(5, 3, 4, 'aikokan', 'ecc52f4fb4e31d9ff1c860b8b71e86da5ddeedf0', 0),
(6, 3, 5, 'akishima', '425ac31a2c3f288899179b0aaf8e200e542b844f', 0),
(7, 3, 6, 'omoegi', 'b4951406079f600d3cfde735579473aa8375f886', 0),
(8, 3, 7, 'nagayamakenyu', '7a5f01b072b5b80c6558a999882f2e4f2c9fd48f', 0),
(9, 3, 8, 'nishiki', 'c74e5acb748ffe56b1cc63e8f13c710f7c3c9752', 0),
(10, 3, 9, 'jikyokan', '980e0892678b78c8f0450d3acee8aab1b8c0c1c1', 0),
(11, 3, 10, 'youkoukan', 'e18ddb338a6127073658ec77398a7eead1e9dbdd', 0),
(12, 3, 11, 'kishinkanmiya', '1c554d86bad16060c6f9bc5f8cf8e9ebe7ee1399', 0),
(13, 3, 12, 'bsc', '1497f63f72a3931d32fe7fb7444f656e6a46c191', 0),
(14, 3, 13, 'sakurakenshi', '141aebe140194c86aaf275b7dfb865ec04ce60ee', 0),
(15, 3, 14, 'kurihama', 'f545ed15dc7cf301f3cd0a1d9d587fb7218b635e', 0),
(16, 3, 15, 'higashifukasawa', '99a8c95ff80d6a1e53694bf4c0ffc15c19edf3c1', 0),
(17, 3, 16, 'koubukan', 'a481a31a47f4cf13c995309aec23fd2bd90a68ee', 0),
(18, 3, 17, 'onitaka', '889ef3c0b26d4da7fda5ee86c506c69ad28b42e8', 0),
(19, 3, 18, 'seishinkan', 'c1f758fef497b71838056835d7767e6cf42e25eb', 0),
(20, 3, 19, 'tsukuba', '474e1cce93631bbcaf7ecbd3c1a028a8dc20f5f9', 0),
(21, 3, 20, 'souwa', 'ca91189c6b29a00dfdf187c78f79f95110eaed66', 0),
(22, 3, 21, 'sashikakenyu', '8c185aeba794f96656b09f70e14b9194caef7472', 0),
(23, 3, 22, 'ishinin', '816ee957ff6446143d42a2d6d8b304b0de9c5488', 0),
(24, 3, 23, 'ibarakishonen', '35b6872b938242d0d5c08900118b175a4d52bab2', 0),
(25, 3, 24, 'katsutawakaba', '4420223fd24e0dad2febb46c08de803a4457b833', 0),
(26, 3, 25, 'shunsui', 'b3e60094ba7debb5dbf34332c00235b98e7028f2', 0),
(27, 3, 26, 'kuranomachikenyu', 'a45c49a3d243cdbb749ffac100ff39b4d00bfe44', 0),
(28, 3, 27, 'goyokan', 'c8233e4ad67412e945f0356dc0a4feccd24534c7', 0),
(29, 3, 28, 'nakaoshonen', 'df0e04267fdadc04ec46fb771e18dc4c912ac9b0', 0),
(30, 3, 29, 'musashikan', '0171ae36776de024aa7205fc12b84f743e8a663f', 0),
(31, 3, 30, 'saitamaogose', 'a5ec730626708ca420d0e464004c5592ce01f5bb', 0),
(32, 3, 31, 'yushinkawai', '54122eb0869360cebd70fcd06c0e698bba1988e0', 0),
(33, 3, 32, 'okegawakenyu', '141aebe140194c86aaf275b7dfb865ec04ce60ee', 0),
(34, 3, 33, 'gedatsurenshin', 'c1f758fef497b71838056835d7767e6cf42e25eb', 0),
(35, 3, 34, 'arakawa', '47e9be16397d7b414814ca3096204e523f7bcba6', 0),
(36, 3, 35, 'gunmashudo', '8c185aeba794f96656b09f70e14b9194caef7472', 0),
(37, 3, 36, 'toyouke', '95dd67f7e767f55c6d5e14a711799a219b89d151', 0),
(38, 3, 37, 'sakigakekenyu', '816ee957ff6446143d42a2d6d8b304b0de9c5488', 0),
(39, 3, 38, 'numatakenokai', '54122eb0869360cebd70fcd06c0e698bba1988e0', 0),
(40, 3, 39, 'kasagake', 'b4a01cba82139f780e796ac188601d9309698ade', 0),
(41, 3, 40, 'yabutsuka', '87bf501264e9499514b8a2870a69074cb7afcee3', 0),
(42, 3, 41, 'kitanagano', 'a8af0f56541658edae247d8428f18fb31b7fde68', 0),
(43, 3, 42, 'gondo', '4ae3099987a76c649c0c2e4c6d5e464e9f14edcb', 0),
(44, 3, 43, 'gondo2', '4ae3099987a76c649c0c2e4c6d5e464e9f14edcb', 0),
(45, 3, 44, 'mamejima', '1ad83125630dc4c8036d807b0fcf6cdb2e5a929f', 0),
(46, 3, 45, 'chospo', '326be22424393680fdc6ee88ab2852716c33aaea', 0),
(47, 3, 46, 'chospo2', '326be22424393680fdc6ee88ab2852716c33aaea', 0),
(48, 3, 47, 'wakatsuki', '1db1b5fc905c22483daa68a06773a8bca9a6c281', 0),
(49, 3, 48, 'naganoshonen', '3ba2d6524962583049c7de9a3c41c1f897221c7a', 0),
(50, 3, 49, 'wakaho', 'ac85eff2b8161dcd3adcd94ab244c2620cb84a4d', 0),
(51, 3, 50, 'terao', 'cba45b9477fb988c55f13adb3f04e705b6d275fa', 0),
(52, 3, 51, 'higashijo', 'b4ace4f4c06b376d18d42749876a943f8d73a098', 0),
(53, 3, 52, 'matsushiroikuseikai', '980e0892678b78c8f0450d3acee8aab1b8c0c1c1', 0),
(54, 3, 53, 'matsushiroikuseikai2', '980e0892678b78c8f0450d3acee8aab1b8c0c1c1', 0),
(55, 3, 54, 'kiyono', '1c554d86bad16060c6f9bc5f8cf8e9ebe7ee1399', 0),
(56, 3, 55, 'kiyono2', '1c554d86bad16060c6f9bc5f8cf8e9ebe7ee1399', 0),
(57, 3, 56, 'aokijima', '0f6f2e00ead332fd996f8f49041d16dac2dffb0e', 0),
(58, 3, 57, 'kawanakajimashonen', 'c3bf4c16e4f0653fe10b91400f0522b0ab41a3d4', 0),
(59, 3, 58, 'yushinkan', '9bbf01eb39a94fb44c544f7a90c8ae918a5f5e67', 0),
(60, 3, 59, 'suzakakendo', 'da4f67779bf52314365b6525dc176925ed3f6e8a', 0),
(61, 3, 60, 'sukokendo', 'b16d6837a0439997b9aa61b5c2aff856ff370c7b', 0),
(62, 3, 61, 'nakanohokubu', '9e730ea815f9a4e61ae3b78e55b80114787e8d3b', 0),
(63, 3, 62, 'nakanokendo', 'cd3768378c1673204356a70579e31ebce62cc536', 0),
(64, 3, 63, 'komoroshonen', '382b4cf97d2cc4a1780c3b7e02ecf963c8496cfe', 0),
(65, 3, 64, 'misatoshonen', '075af4f8d0ae0da86fb363a3b97458126422bbb9', 0),
(66, 3, 65, 'shurenkai', 'df3d59029e46351ea61b1cbe943d836d3a8ff6e7', 0),
(67, 3, 66, 'uedakamishina', 'df3d59029e46351ea61b1cbe943d836d3a8ff6e7', 0),
(68, 3, 67, 'uedachuo', 'df3d59029e46351ea61b1cbe943d836d3a8ff6e7', 0),
(69, 3, 68, 'koshokutobu', 'ecd802d0b4be6599734160810e59fcf1cc626aa0', 0),
(70, 3, 69, 'goka', '615b430385184d8b201c0bf2c8b5c41697b826f8', 0),
(71, 3, 70, 'chikumakendo', 'eadf99e9b7f8c27a438d9f1a42ac91ba5af8b805', 0),
(72, 3, 71, 'kuwabara', '334cb4adfc0b40cfac6128740220031936265f59', 0),
(73, 3, 72, 'minaminagano', 'a4679e9b88d60703e2f0ad2e87c2804b6d585a6a', 0),
(74, 3, 73, 'shinonoi', '84d05fd6304e8769b15ee6269ec189231f3a02f4', 0),
(75, 3, 74, 'inasato', '2b6f358af4c46bb83df56cbc35b68104bd3bfdd3', 0),
(76, 3, 75, 'nishiderao', 'adbcf24b36d7a48bfe007baba150faea3d9f5765', 0),
(77, 3, 76, 'karuizawakendo', '264952899ed8c9ceddd9ac3e2d6fab0de19b05df', 0),
(78, 3, 77, 'sakakikendo', '38ba78380d30f015730734ad8f1c4cee611949b7', 0),
(79, 3, 78, 'toyonokendo', 'f1b950a780b90219c1164120e0692cbf9a2b104c', 0),
(80, 3, 79, 'fujisato', '78fff1c59f6a410004e17252c43e986b26a89b8c', 0),
(81, 3, 80, 'iiyama', '775a16299c38577f48f2dea9ebadbe04996e38e7', 0),
(82, 3, 81, 'tokiwa', '8d4fcea4061ee99b6a1046b97e0f01adb0b2a7a3', 0),
(83, 3, 82, 'shochiku', 'b6ede3ccd374c1e7ad39fa5db3e8125061399fb6', 0),
(84, 3, 83, 'haramurakendo', 'fc82abad69e496941f6dd9e2b7e84a76a082e0cd', 0),
(85, 3, 84, 'suwashobukan', '48f53e3dbce46f8b48c2bc24447ae73affcb0baf', 0),
(86, 3, 85, 'kamiinashonen', 'bb8146902e883d9bf919d71e0bfcbe63bade33d0', 0),
(87, 3, 86, 'taizankan', 'abce088e3620c9c243a2378922e1e3e4f28b5764', 0),
(88, 3, 87, 'shiojirikendo', '279130de409127256269b58c29323c173ac36637', 0),
(89, 3, 88, 'shimojoshonen', 'dd8cb2930992125da868ad0b9eec1c57158a4847', 0),
(90, 3, 89, 'azuminomisato', 'bde40a1ab5e511a61ed7e543520fcb5aae54a452', 0),
(91, 3, 90, 'azuminokendo', 'bde40a1ab5e511a61ed7e543520fcb5aae54a452', 0),
(92, 3, 91, 'azuminohotaka', 'bde40a1ab5e511a61ed7e543520fcb5aae54a452', 0),
(93, 3, 92, 'chidokan', 'd984926dae1daf6e89f10a7ab0d2a5530788f25b', 0),
(94, 3, 93, 'yamashiro', '94dffe6984de204f07ed27c35548faaa0a378046', 0),
(95, 3, 94, 'konan', '1d3f7338c90e1702921c7ff09942b654359142c8', 0),
(96, 3, 95, 'yamanashikenshin', 'f9e6537ffb4f141aa10b195dc37d02f064a182ed', 0),
(97, 3, 96, 'yamanashikenshin2', '0963ef61e1c268c56009a62a97b16a33a6c010a9', 0),
(98, 3, 97, 'mishimakendo', 'c1f758fef497b71838056835d7767e6cf42e25eb', 0),
(99, 3, 98, 'shizuokabushukan', '8c185aeba794f96656b09f70e14b9194caef7472', 0),
(100, 3, 99, 'suiryukan', '816ee957ff6446143d42a2d6d8b304b0de9c5488', 0),
(101, 3, 100, 'aoshimakendo', '35b6872b938242d0d5c08900118b175a4d52bab2', 0),
(102, 3, 101, 'hatsushinkai', '35b6872b938242d0d5c08900118b175a4d52bab2', 0),
(103, 3, 102, 'kenshukan', '4420223fd24e0dad2febb46c08de803a4457b833', 0),
(104, 3, 103, 'shodokan', 'a45c49a3d243cdbb749ffac100ff39b4d00bfe44', 0),
(105, 3, 104, 'iwatakendo', 'b3e60094ba7debb5dbf34332c00235b98e7028f2', 0),
(106, 3, 105, 'heisakasho', '4420223fd24e0dad2febb46c08de803a4457b833', 0),
(107, 3, 106, 'genbudojo', 'b3e60094ba7debb5dbf34332c00235b98e7028f2', 0),
(108, 3, 107, 'yatasho', 'a45c49a3d243cdbb749ffac100ff39b4d00bfe44', 0),
(109, 3, 108, 'sainenji', 'df0e04267fdadc04ec46fb771e18dc4c912ac9b0', 0),
(110, 3, 109, 'chiyogaoka', '141aebe140194c86aaf275b7dfb865ec04ce60ee', 0),
(111, 3, 110, 'budokukan', '0171ae36776de024aa7205fc12b84f743e8a663f', 0),
(112, 3, 111, 'sakurakai', 'df0e04267fdadc04ec46fb771e18dc4c912ac9b0', 0),
(113, 3, 112, 'hidakiyomi', '0171ae36776de024aa7205fc12b84f743e8a663f', 0),
(114, 3, 113, 'tsurugakendo', '6970696bf4ce30ae9576ee689954ad94080f1fe7', 0),
(115, 3, 114, 'atagozakadojo', '54122eb0869360cebd70fcd06c0e698bba1988e0', 0),
(116, 3, 115, 'yushinkan', 'e3ffb2507d229f8195cf41c2896e88421bf74955', 0),
(117, 3, 116, 'ishikawa1', '141aebe140194c86aaf275b7dfb865ec04ce60ee', 0),
(118, 3, 117, 'ishikawa2', 'c1f758fef497b71838056835d7767e6cf42e25eb', 0),
(119, 3, 118, 'tatsuguchi', '01cc4b6855ba0271f82d12b77bd9b226b286aaa9', 0),
(120, 3, 119, 'kabuki', '0c8cc731a611970e39dbbf33b16b2004d5494373', 0),
(121, 3, 120, 'shinkakan', '070bad7dae0d60c8e4956f8f8f03544b5209ec7a', 0),
(122, 3, 121, 'toyamabudokan', '8c185aeba794f96656b09f70e14b9194caef7472', 0),
(123, 3, 122, 'kosugiminami', '816ee957ff6446143d42a2d6d8b304b0de9c5488', 0),
(124, 3, 123, 'ryounkanmuragumo', '3fa6154c9488dcf293b8010a6de0dc043f7a4bd8', 0),
(125, 3, 124, 'takadashudokan', 'fdcc2f05eb566fd60898b67146578b8c652af880', 0),
(126, 3, 125, 'yoshikawa', '6c05f8c5d1e6f41eca3a2445f7b0293ceadd8c7f', 0),
(127, 3, 126, 'isawakendo', '35b6872b938242d0d5c08900118b175a4d52bab2', 0),
(128, 3, 127, 'shiranekenshi', '4420223fd24e0dad2febb46c08de803a4457b833', 0),
(129, 3, 128, 'kamidori', 'b1b9d7266117724c85e5de406662c18986eb2ca3', 0),
(130, 3, 129, 'shibata1', 'b3e60094ba7debb5dbf34332c00235b98e7028f2', 0),
(131, 3, 130, 'ikkokai', 'dfcda985f312b0f12c493f6bfee1fa5276f4d2dd', 0),
(132, 3, 131, 'jizodo', '83e8396a8eda4ac438ff2cf5c1d91b53a4318420', 0),
(133, 3, 132, 'kusanokendo', 'a45c49a3d243cdbb749ffac100ff39b4d00bfe44', 0),
(134, 3, 133, 'tomiokaken', 'df0e04267fdadc04ec46fb771e18dc4c912ac9b0', 0),
(135, 3, 134, 'shobuden1', '0171ae36776de024aa7205fc12b84f743e8a663f', 0),
(136, 3, 135, 'yoshinari1', '54122eb0869360cebd70fcd06c0e698bba1988e0', 0);
